partido,candidato,frase,veredicto,justificacion,fuentes_consultadas
Ahora Nación,Alfonso López-Chau,"Implementar el historial clínico electrónico en el 100% en todos los centros de salud públicos y privados, en el que se tenga acceso además a los exámenes médicos completos.",Factible,"La propuesta cuenta con un marco normativo vigente (Ley N° 30024 y decretos sobre transformación digital). Es una función administrativa del Ministerio de Salud (MINSA) en coordinación con los gobiernos regionales. La meta del 100% requiere la implementación progresiva de sistemas interoperables, lo cual el Ejecutivo puede gestionar mediante inversión en TIC y conectividad, sin necesidad de reformas constitucionales.","Ley N° 30024 (Ley que crea el Registro Nacional de Historias Clínicas Electrónicas) y Decreto Legislativo N° 1412 (Ley de Gobierno Digital), que otorgan el marco legal habilitante inmediato."
Ahora Nación,Alfonso López-Chau,La meta es eliminar la desnutrición crónica infantil en niños menores de 5 años. (...) lograremos casi erradicar esta forma de malnutrición.,Engañosa,"La meta de llevar a 0% la Desnutrición Crónica Infantil (DCI) en cinco años contrasta con la naturaleza multicausal del problema, que depende del acceso a agua potable y saneamiento. Según la serie histórica del INEI-ENDES, la DCI se mantiene en el rango del 11.5% - 11.7%. Una reducción total en un quinquenio excede las proyecciones estadísticas actuales y los plazos de cierre de brechas en infraestructura sanitaria.",INEI - Encuesta Demográfica y de Salud Familiar (ENDES): La DCI se ha estancado alrededor del 11.5% - 11.7% en los últimos años. Reducir más de 11 puntos porcentuales a 0% en 5 años es estadísticamente improbable según la serie histórica.
Ahora Nación,Alfonso López-Chau,Garantizar que el sistema educativo implemente estrategias orientadas a que la totalidad de los estudiantes de educación primaria comprendan lo que lean,Sin sustento,"La propuesta establece una meta del 100% de comprensión lectora. Actualmente, las evaluaciones ECE indican que el nivel satisfactorio ronda el 30-40%. El plan menciona la implementación de estrategias sin detallar la metodología pedagógica o el cambio curricular específico que permitiría cubrir la brecha del 60% restante en el plazo de cinco años, según los ritmos históricos de mejora registrados por el MINEDU.","MINEDU - Evaluación Censal de Estudiantes (ECE): Históricamente, el nivel ""Satisfactorio"" en lectura en 2° de primaria bordea el 37-40%. No existe sustento en el documento para explicar cómo se cubrirá la brecha del 60% restante en un solo gobierno."
Alianza Fuerza y Libertad,Fiorella Molinelli,"Construir y modernizar al menos 350 establecimientos de salud de primer y segundo nivel (postas y centros de salud), priorizando zonas rurales y periurbanas con mayor brecha de atención",Factible,"La propuesta se ajusta a los plazos de un periodo de gobierno. La intervención en 350 establecimientos implica un promedio de 70 obras anuales. Los establecimientos de primer nivel (I-3, I-4) presentan menor complejidad técnica que los hospitales, y su ejecución puede canalizarse a través del PRONIS y los Gobiernos Regionales. La meta aborda aproximadamente el 20% de la brecha diagnosticada en el propio plan.","MINSA - Registro Nacional de Instituciones Prestadoras de Servicios de Salud (RENIPRESS) y Plan Nacional de Infraestructura Sostenible para la Competitividad (PNISC), que validan la brecha de infraestructura del primer nivel y la capacidad de ejecución anual del sector salud en obras de menor envergadura."
Alianza Fuerza y Libertad,Fiorella Molinelli,"Incrementar la capacidad hospitalaria nacional en al menos 30,000 nuevas camas, cerrando aproximadamente el 50% del déficit de camas hospitalarias y acercando al país a estándares regionales.",Engañosa,"La incorporación de 30,000 camas nuevas en cinco años implicaría un incremento superior al 60% de la capacidad actual (aprox. 45,000 - 50,000 camas). Esto equivale a construir y equipar cerca de 100 hospitales de 300 camas. Los plazos del sistema de inversión pública (Invierte.pe) para hospitales promedian entre 8 a 10 años. Asimismo, la formación de médicos especialistas requeridos para operar dicha infraestructura toma más de 7 años.","INEI - Anuario de Estadísticas Ambientales 2023 (Capítulo Salud) y SUSALUD, que reportan el stock actual de camas y la ratio de médicos por habitante (aprox. 13 por 10,000 hab), demostrando la imposibilidad técnica de cubrir la brecha de recursos humanos necesaria para tal expansión en un quinquenio."
Alianza Fuerza y Libertad,Fiorella Molinelli,Garantizar que el acceso a tratamientos esenciales deje de ser una carga económica para las familias y se consolide como un derecho efectivo.,Sin sustento,"La propuesta no detalla los mecanismos financieros para subsidiar la totalidad de los tratamientos de alto costo ni define el alcance de ""tratamientos esenciales"". Actualmente, el gasto de bolsillo representa entre el 30-40% del gasto total en salud. Sin una reforma tributaria o un fondo específico detallado, la eliminación total del gasto de bolsillo enfrenta restricciones en la Ley de Presupuesto del Sector Público.","Cuentas Nacionales de Salud (CNS) del Ministerio de Salud, que evidencian que el gasto de bolsillo de los hogares sigue siendo una de las principales fuentes de financiamiento del sistema, y la Ley de Presupuesto del Sector Público, que no muestra holgura fiscal para absorber la totalidad de este costo privado sin una reforma fiscal mayor."
Alianza para el Progreso,César Acuña,"Viabilizar el Plan Mil utilizando el mecanismo de APP. Esto implica mejorar más de mil centros de salud de primer nivel de atención del MINSA, dotándolos de adecuada infraestructura, equipamiento y recursos humanos.",Factible,"La propuesta plantea el uso de Asociaciones Público-Privadas (APP), reguladas por el D.L. N° 1362, para agilizar la inversión. Las APP permiten empaquetar múltiples centros de salud en un solo contrato, trasladando riesgos al privado. ProInversión dispone de experiencia en esta modalidad. La viabilidad depende de la priorización presupuestal del MINSA para cubrir los compromisos de pago, sin requerir cambios constitucionales.","Decreto Legislativo N° 1362 (Ley de Asociaciones Público Privadas) y Plan Nacional de Infraestructura Sostenible para la Competitividad (PNISC), que valida el uso de APPs para el cierre de brechas en salud."
Alianza para el Progreso,César Acuña,"Logro satisfactorio en matemática (2° secundaria) [...] Meta 2030-2031: 45%."" (Línea base reportada en el plan: 17%).",Engañosa,La propuesta plantea triplicar el rendimiento satisfactorio en matemáticas (del 17% al 45%) en un periodo de gobierno. Los registros históricos de la Evaluación Censal de Estudiantes (ECE) muestran variaciones anuales de entre 1 y 2 puntos porcentuales. Un incremento de 28 puntos porcentuales en cinco años supera los ritmos de mejora registrados anteriormente en el sistema educativo peruano.,"MINEDU - Unidad de Medición de la Calidad de los Aprendizajes (UMC): Resultados históricos de la Evaluación Muestral (EM) 2022-2023, que evidencian el estancamiento y la lenta recuperación de los aprendizajes post-pandemia."
Alianza para el Progreso,César Acuña,Certificación de dominio del inglés y de la Inteligencia Artificial (IA).,Sin sustento,"La propuesta no especifica si la certificación será universal o piloto, ni detalla el presupuesto para licenciamientos. Según el Censo Educativo 2023, existe una brecha de acceso a internet y equipamiento en colegios públicos, así como un déficit de docentes certificados en inglés. La implementación a escala nacional enfrenta restricciones de infraestructura y capital humano en el corto plazo.","Censo Educativo - MINEDU (2023): Reporta que un alto porcentaje de colegios públicos aún carece de acceso a internet de calidad y equipamiento tecnológico funcional, condiciones sine qua non para cualquier certificación en IA."
Alianza Unidad Nacional,Roberto Chiabra,"Fortalecimiento de los 748 establecimientos estratégicos georreferenciados que serían aquellos que funcionen 24 horas y ofrezcan atención ambulatoria, emergencias y servicios especializados.",Factible,"La propuesta es viable y se alinea con la categorización de establecimientos estratégicos del MINSA. Ampliar horarios depende de la asignación presupuestal para personal (gasto corriente), medida ejecutable por el sector.",Resolución Ministerial N.º 907-2016/MINSA: Aprueba la norma técnica para el planeamiento de los establecimientos de salud estratégicos. Ley N.º 30885: Ley que establece la conformación y el funcionamiento de las Redes Integradas de Salud (RIS).
Alianza Unidad Nacional,Roberto Chiabra,Crear un Directorio tipo BCR con autonomía suficiente que administre los fondos de las instituciones públicas vinculadas... Este Directorio... se encargará de compras conjuntas... [separando financiamiento de prestación].,No está en sus manos,Crear un organismo con autonomía constitucional requiere reforma de la Constitución. La administración conjunta de fondos de MINSA y EsSalud debe observar el Art. 12 sobre intangibilidad de aportes privados.,Constitución Política del Perú: Artículo 12 (Intangibilidad de fondos de seguridad social) y Artículo 84 (Autonomía constitucional del BCR). Ley N.º 27056: Ley de Creación del Seguro Social de Salud (EsSalud).
Alianza Unidad Nacional,Roberto Chiabra,También se permitirá y promoverá que estos cursos [cultura cívica] sean impartidos por miembros de nuestra Policía Nacional en actividad..,Inviable,"La propuesta enfrenta el déficit de efectivos policiales para seguridad ciudadana y los requisitos de la Ley de Reforma Magisterial, que exige título pedagógico para la docencia en educación básica.",Decreto Legislativo N.º 1267: Ley de la Policía Nacional del Perú (Finalidad Fundamental). Ley N.º 29944: Ley de Reforma Magisterial (Requisitos para el ejercicio de la docencia). Informes del Ministerio del Interior (Mininter): Sobre déficit de personal policial para patrullaje.
Alianza Venceremos,Ronald Atencio Sotomayor,"Implementaremos la estrategia nacional 'Anemia Cero', con acciones sostenidas para la prevención, diagnóstico y tratamiento oportuno, priorizando la atención a niñas, niños, adolescentes y gestantes.",Factible,"La propuesta se enmarca en las competencias del Ministerio de Salud y utiliza líneas presupuestales existentes (Programa Articulado Nutricional). No requiere cambios legislativos, sino gestión logística y articulación intersectorial. La meta se orienta a optimizar intervenciones de prevención y tratamiento ya normadas para reducir la prevalencia actual.","Ley de Presupuesto del Sector Público (Programa Presupuestal 0001 - Programa Articulado Nutricional) y ENDES (INEI), que provee la línea base de anemia (aprox. 43% en niños de 6 a 35 meses) sobre la cual actuar."
Alianza Venceremos,Ronald Atencio Sotomayor,Duplicaremos las vacantes de la educación superior pública.,Engañosa,"Aumentar en 100% las vacantes implica duplicar aulas, laboratorios y docentes calificados en cinco años. Los proyectos de inversión en infraestructura universitaria requieren entre 3 a 5 años para su maduración en Invierte.pe. Asimismo, la Ley Universitaria exige docentes con posgrado, recurso humano cuya disponibilidad en el mercado actual es limitada para una expansión de esta magnitud.","SUNEDU - Informe Bienal sobre la Realidad Universitaria y MEF - Invierte.pe, que evidencian los tiempos de ejecución de proyectos universitarios y la escasez de docentes investigadores calificados para cubrir una expansión tan agresiva."
Alianza Venceremos,Ronald Atencio Sotomayor,Transformaremos la educación peruana en clave intercultural en busca de nuevos horizontes de sentido.,Sin sustento,"La formulación carece de indicadores medibles o metas físicas específicas (por ejemplo, porcentaje de escuelas EIB implementadas). Al no detallar modificaciones al Currículo Nacional, planes de capacitación docente o presupuesto asignado, la propuesta no presenta mecanismos técnicos de verificación o cumplimiento según el Reglamento de la Ley General de Educación.","Reglamento de la Ley General de Educación (D.S. N° 011-2012-ED), que exige que las políticas educativas tengan objetivos, metas e indicadores claros para ser consideradas instrumentos de gestión válidos."
Avanza País,José Williams Zapata,Culminar la implementación de las Redes Integradas de Salud (RIS) a nivel nacional como estrategia para una mejor cobertura hacia la población.,Factible,"La propuesta plantea ejecutar el mandato de la Ley N° 30885 (2018). Existen programas de inversión con financiamiento multilateral (BID/Banco Mundial) activos para la creación de RIS. La culminación de su implementación depende de la ejecución de gasto del MINSA y Gobiernos Regionales, siendo una meta administrativa que no requiere nuevas leyes.",Ley N° 30885 (Ley que establece la conformación y el funcionamiento de las Redes Integradas de Salud) y Portal de Consulta Amigable del MEF (donde se visualizan los proyectos de inversión del PCRIS ya activos con presupuesto).
Avanza País,José Williams Zapata,Reducir la anemia y desnutrición infantil [...] Meta: Anemia infantil < 15%.,Engañosa,"La meta plantea reducir la anemia de un 43% (ENDES 2023) a menos del 15% en cinco años, lo que implica una disminución de más de 5 puntos porcentuales por año. Históricamente, los programas nacionales han registrado reducciones anuales de 1 a 2 puntos. La velocidad de reducción propuesta supera la tendencia estadística observada, considerando que la anemia depende también de factores de saneamiento.","INEI - Encuesta Demográfica y de Salud Familiar (ENDES 2023), que establece la línea base en 43.1%, demostrando que la velocidad de reducción propuesta no tiene precedente histórico en la salud pública peruana."
Avanza País,José Williams Zapata,Incorporación a la currícula del desarrollo progresivo de competencias en Inteligencia Artificial y la Programación en Módulos para el desempeño más allá del uso de software básico.,Sin sustento,"La incorporación de IA en la currícula requiere condiciones de infraestructura digital previas. El Censo Educativo reporta que un porcentaje significativo de escuelas rurales carece de internet y equipamiento adecuado. Asimismo, la propuesta no detalla el plan de capacitación para docentes en estas tecnologías ni el presupuesto para el hardware requerido a escala nacional.","Censo Educativo 2023 (MINEDU), que reporta que una gran proporción de locales educativos públicos (especialmente rurales) carece de acceso a internet y equipamiento tecnológico funcional, condiciones sine qua non para la enseñanza de IA."
Cooperación Popular,Yonhy Lescano,La capacitación del magisterio nacional debe iniciarse en enero del 2027.,Factible,La propuesta respeta el ciclo presupuestal del Sector Público (inicia en enero). La capacitación docente es una función establecida en la Ley de Reforma Magisterial y cuenta con partidas anuales en el presupuesto del MINEDU. La planificación desde el inicio del año fiscal 2027 es administrativamente viable para la gestión entrante.,"Ley N° 29944 (Ley de Reforma Magisterial), artículos 12 y 13, que norman la formación en servicio como un derecho y deber, y el Presupuesto Institucional de Apertura (PIA) del MINEDU que anualmente contempla partidas para este fin."
Cooperación Popular,Yonhy Lescano,"Reconstrucción de 27,000 instituciones [...] En el 2028 a mitad del mandato se debe reconstruir todos los centros educativos en estado ruinoso en aulas y mobiliario.",Engañosa,"La intervención en 27,000 colegios en 2.5 años implicaría reconstruir casi el 50% de la infraestructura educativa nacional. La capacidad de ejecución histórica del PRONIED y gobiernos subnacionales bordea los S/ 3-4 mil millones anuales. Ejecutar este volumen de obras simultáneas excede la capacidad logística instalada y los tiempos de aprobación de expedientes técnicos.","MINEDU - Plan Nacional de Infraestructura Educativa (PNIE) al 2025 y el Censo Educativo (INEI/MINEDU), que evidencian la magnitud de la brecha y los tiempos promedio de maduración de proyectos de inversión (3 a 5 años por colegio)."
Cooperación Popular,Yonhy Lescano,Equipar suficientemente a centros de salud primario a partir del año 2027.,Sin sustento,"La propuesta utiliza el término ""suficientemente"", el cual no es cuantificable. No especifica metas físicas, tipos de equipamiento según categoría (I-1 a I-4) ni montos de inversión. Las Normas Técnicas de Salud exigen estándares rígidos de equipamiento que no son detallados en la promesa, dificultando su evaluación técnica.","Norma Técnica de Salud N° 113-MINSA/DGIEM-V.01 (Infraestructura y Equipamiento de los Establecimientos de Salud del Primer Nivel de Atención), que establece los estándares técnicos rígidos que el plan omite mencionar o cuantificar."
Fe en el Perú,Álvaro Paz de la Barra,Incentivos para el personal de salud en zonas rurales y de difícil acceso.,Factible,"La medida es viable mediante la aplicación del Decreto Legislativo N° 1153, que regula las compensaciones. El Ejecutivo, a través del MEF y MINSA, tiene la facultad de determinar los montos y asignar presupuesto para bonificaciones por zona alejada, siendo una acción de gestión administrativa y presupuestal.",Decreto Legislativo N° 1153 (Norma que regula la política integral de compensaciones y entregas económicas del personal de la salud al servicio del Estado).
Fe en el Perú,Álvaro Paz de la Barra,Garantizar aprendizajes fundamentales en todos los niveles.,Engañosa,"El término ""garantizar"" implica un cumplimiento del 100%. Los resultados históricos de la ECE muestran que la mejora de aprendizajes es progresiva y heterogénea. Asegurar el logro total en cinco años contrasta con la evidencia de brechas post-pandemia y los ritmos de mejora registrados por la Unidad de Medición de la Calidad (UMC).","Resultados Históricos de la Evaluación Censal de Estudiantes (ECE) y Evaluación Muestral (EM) de la Oficina de Medición de la Calidad de los Aprendizajes (UMC - MINEDU), que evidencian la lentitud de la progresión en los logros de aprendizaje."
Fe en el Perú,Álvaro Paz de la Barra,Programas de mejora de infraestructura educativa.,Sin sustento,"La propuesta no establece metas numéricas ni montos de inversión específicos frente a una brecha de infraestructura valorada en más de S/ 174 mil millones. Al no definir la modalidad de ejecución (Obra pública, G2G, APP) ni el alcance del programa, la propuesta carece de parámetros medibles de cumplimiento.","Plan Nacional de Infraestructura Sostenible para la Competitividad (PNISC) 2022-2025, que detalla la magnitud de la brecha de infraestructura educativa y la necesidad de priorización con montos de inversión concretos."
Frente de la Esperanza,Fernando Olivera,Construcción de hospitales nacionales en regiones estratégicas del país.,Factible,"La construcción de hospitales de nivel III es competencia del MINSA/PRONIS mediante el sistema Invierte.pe. Si se cuenta con expedientes técnicos y presupuesto, es posible iniciar y avanzar la construcción de hospitales estratégicos en un periodo de cinco años, siguiendo la programación multianual de inversiones.",Decreto Legislativo N° 1252 (Sistema Nacional de Programación Multianual y Gestión de Inversiones) y el Plan Nacional de Infraestructura Sostenible para la Competitividad (PNISC) que contempla carteras de proyectos hospitalarios.
Frente de la Esperanza,Fernando Olivera,Reducir a CERO la desnutrición crónica infantil (DCI) en niños menores de 5 años.,Engañosa,"La reducción a 0% de la DCI en cinco años contrasta con la línea base actual (aprox. 11.5%) y la persistencia de determinantes sociales como la falta de agua y saneamiento. Estadísticamente, ningún país mantiene una tasa absoluta de 0.0% debido a condiciones clínicas. Una reducción de 12 puntos porcentuales en un quinquenio supera los registros históricos de salud pública en Perú.","INEI - Encuesta Demográfica y de Salud Familiar (ENDES 2023), que muestra el estancamiento de la DCI en los últimos años y la complejidad de sus determinantes sociales."
Frente de la Esperanza,Fernando Olivera,"Ley que prohíbe los servicios públicos educativos y de salud, la atención de extranjeros ilegales, salvo situaciones de emergencia",Inviable,"La propuesta contraviene los Artículos 1, 2 y 7 de la Constitución y tratados internacionales ratificados por el Perú, que garantizan derechos fundamentales sin distinción de nacionalidad. El Tribunal Constitucional ha establecido que el acceso a salud básica y educación alcanza a los extranjeros, lo que hace la medida jurídicamente inviable.","Constitución Política del Perú (Artículos 1, 2 y 7) y Sentencia del Tribunal Constitucional Exp. N° 00021-2010-PI/TC, que reafirma que los extranjeros gozan de los derechos fundamentales."
Fuerza Popular,Keiko Fujimori,"Implementación de la interoperabilidad total de historias clínicas electrónicas, homologadas con el número de DNI, permitiendo trazabilidad y atención continua en cualquier establecimiento del país. [...] Meta al 2031: Integrar el 80% del sistema de salud (MINSA, EsSalud y Sanidades).",Factible,"La propuesta se sustenta en la Ley N° 30024 y el D.L. N° 1412. La meta del 80% es ejecutable mediante gestión administrativa, inversión en software y estandarización de datos entre MINSA y EsSalud. Es una competencia del Ejecutivo que requiere coordinación con la Secretaría de Gobierno Digital y asignación presupuestal.","Ley N° 30024 y su Reglamento, que ya establecen la obligatoriedad y los mecanismos técnicos para la interoperabilidad, validando que es un proceso en marcha que requiere decisión política para su culminación."
Fuerza Popular,Keiko Fujimori,"Reducir la anemia infantil al 20% mediante cobertura universal de vacunación, chequeos preventivos y servicios materno-infantiles reforzados.",Engañosa,Reducir la anemia del 43% al 20% implica una disminución de 23 puntos porcentuales en cinco años (4.6 puntos anuales). La evidencia de la última década muestra reducciones anuales promedio de 1 a 2 puntos. Alcanzar esta meta requiere cambios estructurales en acceso a agua y saneamiento que tienen plazos de ejecución prolongados.,"INEI - Encuesta Demográfica y de Salud Familiar (ENDES 2023), que demuestra el estancamiento de la anemia por encima del 40% en los últimos cinco años, haciendo estadísticamente improbable una reducción a menos de la mitad en un solo mandato sin cambios estructurales previos en saneamiento."
Fuerza Popular,Keiko Fujimori,"Construcción de 3,000 colegios durante el periodo de gestión.",Inviable,"La construcción de 3,000 colegios implica entregar 600 instituciones por año. Históricamente, la capacidad de ejecución del PRONIED y regiones es menor (entre 50 y 100 colegios integrales anuales). Además, el ciclo de inversión completo (perfil, expediente, obra) toma de 4 a 5 años. La meta física propuesta excede la capacidad operativa y presupuestal registrada del sector.",RONIED: Estadísticas de ejecución de obras terminadas y recepcionadas anualmente. Decreto Legislativo N.º 1252 (Invierte.pe): Ciclo de Inversiones y plazos normativos.
Integridad Democrática,Wolfgang Grozo,"Realización de un Censo Nacional de Infraestructura de Salud, de carácter obligatorio para todos los subsistemas: Ministerio de Salud, EsSalud, sanidades, gobiernos regionales, municipalidades y sector privado con función pública.",Factible,La realización de un censo es una medida de gestión administrativa viable bajo la rectoría del MINSA. No requiere reformas legales y permite diagnosticar el estado real de la infraestructura y equipamiento antes de invertir. Se ejecuta mediante asignación presupuestal y coordinación con el INEI.,Decreto Legislativo N° 1161 (Ley de Organización y Funciones del Ministerio de Salud) que le otorga rectoría para dictar normas y lineamientos técnicos para la adecuada ejecución y supervisión de las políticas nacionales y sectoriales de salud.
Integridad Democrática,Wolfgang Grozo,La meta estratégica será explícita: reducir la anemia infantil a menos del cinco por ciento en cinco años.,Engañosa,Bajar la anemia de un 43% a menos del 5% requiere una reducción de 38 puntos porcentuales en cinco años. Esto implica un ritmo de mejora sin precedentes en la estadística nacional. La meta es difícil de alcanzar considerando la persistencia de factores determinantes como la pobreza y la falta de servicios básicos.,"INEI - Encuesta Demográfica y de Salud Familiar (ENDES 2023), que demuestra la persistencia de la anemia por encima del 40% y la lentitud histórica de su reducción, haciendo inverosímil un descenso tan abrupto."
Integridad Democrática,Wolfgang Grozo,"En un periodo de cinco a siete años se logre conectar a Internet cien por ciento de instituciones educativas públicas, rehabilitar ochenta por ciento de locales, construir aproximadamente cuatro mil nuevos planteles plenamente equipados.",Inviable,"Rehabilitar el 80% de los 55,000 locales educativos implica intervenir más de 40,000 colegios. Esto requeriría ejecutar más de 6,000 obras por año. El presupuesto estimado en el plan cubre una fracción de la brecha real de infraestructura (S/ 164 mil millones). La meta física supera la capacidad de ejecución histórica del sistema de inversión pública.","Plan Nacional de Infraestructura Sostenible para la Competitividad (PNISC) 2022-2025, que cifra la brecha de infraestructura educativa en S/ 164 mil millones, y el Censo Educativo (MINEDU), que evidencia la magnitud física de locales que requieren intervención total o parcial."
Juntos por el Perú,Roberto Sánchez Palomino,"Implementar las Redes Integradas de Salud en todo el territorio nacional, como punto de partida para articular las acciones de los diferentes servicios de salud.""",Factible,"La propuesta plantea el cumplimiento de la Ley N° 30885. Existen recursos asignados a través del programa PCRIS (endeudamiento externo). La implementación nacional depende de la capacidad de gestión del MINSA para ejecutar los fondos y organizar los servicios, siendo una meta viable administrativamente.","Ley N° 30885 y el Programa de Inversión ""Creación de Redes Integradas de Salud"" (CUI 2486127 en Consulta Amigable MEF), que valida la existencia de recursos y marco legal para su ejecución."
Juntos por el Perú,Roberto Sánchez Palomino,"Restituir el carácter público, universal, gratuito e intercultural del sistema educativo y fortalecer el rol del Estado... a través del incremento de la inversión educativa, llegando a un 6% del PBI..",Engañosa,"El presupuesto actual ronda el 4.1% del PBI. Alcanzar el 6% requiere un incremento de aprox. S/ 20,000 millones anuales. Dada la presión tributaria actual (~15-16% del PBI) y las reglas fiscales, este aumento requeriría una reforma tributaria significativa o una reasignación mayor del gasto público que el plan debe detallar para ser viable.","Marco Macroeconómico Multianual (MMM) 2025-2028: Proyecciones de ingresos fiscales y presión tributaria del MEF. Acuerdo Nacional: Política de Estado 12 (que establece la meta del 6%, incumplida sistemáticamente por falta de recursos)."
Juntos por el Perú,Roberto Sánchez Palomino,Analfabetismo Cero.,Inviable,"La tasa de analfabetismo es de aprox. 5.5%, concentrada en poblaciones vulnerables y adultos mayores (núcleo duro). La experiencia estadística indica que la reducción final es lenta debido a barreras cognitivas y geográficas. Una tasa de 0.0% absoluta es técnicamente difícil de alcanzar en cinco años según las tendencias demográficas.","INEI - Encuesta Nacional de Hogares (ENAHO), que muestra la evolución histórica de la tasa de analfabetismo, la cual se reduce a un ritmo menor al 0.5% anual en la última década, haciendo imposible llegar a cero en 2031."
Libertad Popular,Rafael Belaunde Llosa,Incremento del porcentaje de estudiantes de primaria que alcanzan un nivel satisfactorio en comprensión lectora (línea base 33%) para el 2031 un porcentaje de 40%.,Factible,"La propuesta plantea un incremento de 7 puntos porcentuales en cinco años (1.4% anual). Esta meta es coherente con los ritmos históricos de mejora registrados por la UMC-MINEDU y es ejecutable mediante los programas presupuestales vigentes, sin requerir recursos extraordinarios fuera del marco sectorial.","Resultados Históricos de la Evaluación Censal de Estudiantes (ECE) - UMC/MINEDU, que validan que los crecimientos interanuales sostenibles en el sistema público peruano rondan el 1-2%."
Libertad Popular,Rafael Belaunde Llosa,Eliminar las compras por emergencia mediante planificación quinquenal.,Engañosa,"La Ley de Contrataciones del Estado contempla la ""Situación de Emergencia"" para responder a eventos imprevisibles (brotes epidémicos, desastres). Si bien la planificación mejora el abastecimiento regular, eliminar legalmente la causal de emergencia impediría la respuesta estatal ante crisis sanitarias agudas e imprevistas.","Ley N° 30225, Ley de Contrataciones del Estado (Art. 27), que establece la ""Situación de Emergencia"" como una causal válida y necesaria para contrataciones directas ante acontecimientos catastróficos o que afecten la defensa nacional."
Libertad Popular,Rafael Belaunde Llosa,Introducir progresivamente la enseñanza del chino mandarín en secundaria para fortalecer competencias globales y oportunidades futuras.,Inviable,La introducción masiva de un nuevo idioma enfrenta la restricción de la oferta docente. La Ley de Reforma Magisterial exige título pedagógico. Actualmente no existe una masa crítica de docentes titulados de chino mandarín en el mercado laboral peruano para cubrir la demanda de las escuelas secundarias públicas a nivel nacional.,"Ley N° 29944, Ley de Reforma Magisterial (Art. 11), que exige título profesional pedagógico o título profesional técnico para el ejercicio de la docencia, requisito que el mercado laboral actual no puede cubrir para esta especialidad."
Partido Aprista Peruano,Enrique Valderrama,"Implementar el uso de las tecnologías de la información: Telemedicina, inteligencia artificial, robótica, papel cero, entre otros.",Factible,"La propuesta se alinea con la Ley de Gobierno Digital y la Ley Marco de Telemedicina. El marco legal y la Red Nacional de Telesalud ya existen. La implementación progresiva depende de la ejecución de inversiones (IOARR) en equipamiento y conectividad, siendo una meta tecnológica viable para el Ejecutivo.","Decreto Legislativo N° 1412 (Aprueba la Ley de Gobierno Digital) y Ley N° 30024 (Crea el Registro Nacional de Historias Clínicas Electrónicas), que facultan y obligan al Ejecutivo a implementar estas tecnologías."
Partido Aprista Peruano,Enrique Valderrama,Mejorar en un 30% los resultados del sistema educativo en pruebas nacionales e internacionales (como PISA) y elevar en un 40% los niveles de comprensión lectora y desempeño académico en matemáticas y ciencias.,Engañosa,Un aumento del 30% en puntajes PISA implicaría alcanzar el promedio de la OCDE en cinco años. Los sistemas educativos registran mejoras marginales entre ciclos de evaluación. Un salto de esta magnitud no registra precedentes en la estadística educativa internacional ni se condice con la inercia de los resultados históricos nacionales.,"OCDE - Resultados PISA 2022 (Volume I), donde se evidencia que la variación promedio entre ciclos de evaluación es mínima, y la UMC - MINEDU, cuyos históricos muestran progresos lentos y estancamientos post-pandemia."
Partido Aprista Peruano,Enrique Valderrama,"Lograr que el 70% de las escuelas públicas obtengan o mantengan una acreditación y certificación vigente en los próximos 3 años, garantizando estándares de calidad educativa...",Inviable,"Acreditar 38,500 escuelas (70%) en tres años implica certificar más de 30 colegios diarios. El proceso del SINEACE es riguroso y de larga duración. Históricamente, el porcentaje de colegios públicos acreditados es bajo debido a brechas de infraestructura. La capacidad operativa para evaluar tal volumen en 36 meses excede los recursos disponibles.","Ley N° 28740 (Ley del SINEACE) y estadísticas del Padrón de Instituciones Acreditadas del SINEACE, que demuestran que el número de colegios públicos acreditados es marginal y el proceso es de larga maduración."
Partido Cívico Obras,Ricardo Belmont,Garantizar el abastecimiento del 90% de medicamentos esenciales e insumos.,Factible,"Es una meta de gestión logística competencia del CENARES y DIRESAS. Llegar al 90% es un estándar técnico alcanzable mediante la optimización de compras y distribución. No requiere inversión en infraestructura, sino eficiencia en el gasto corriente y la cadena de suministro.",Reglamento de Organización y Funciones (ROF) del MINSA: Competencias del CENARES. Digemid / Susalud: Reportes de disponibilidad de medicamentos (que validan que la brecha es cerrable con gestión).
Partido Cívico Obras,Ricardo Belmont,Aumentar la tasa de aprobación a un 80% en un plazo de 5 años [en matemáticas de evaluaciones estandarizadas en áreas rurales],Engañosa,La línea base actual en zonas rurales es baja (menos del 20-25%). Un incremento al 80% implica una mejora de más de 55 puntos porcentuales. Las reformas educativas suelen generar avances de 1 a 2 puntos anuales. La meta propuesta supera ampliamente las proyecciones pedagógicas basadas en la evidencia histórica de la ECE.,UMC - MINEDU (Evaluación Censal de Estudiantes - ECE): Histórico de resultados 2016-2022 (donde la mejora anual promedio nacional no supera el 2%). OCDE (Informe PISA): Tiempos de maduración de reformas educativas (10-15 años para cambios sistémicos).
Partido Cívico Obras,Ricardo Belmont,Rehabilitar un 50% de puestos y centros de salud y 50 nuevos centros de salud en áreas rurales y vulnerables en cinco años.,Inviable,"Rehabilitar el 50% del primer nivel implica intervenir aprox. 4,000 establecimientos. Esto requiere la ejecución de 800 obras anuales. La capacidad operativa del PRONIS y gobiernos regionales para aprobar expedientes y ejecutar obras en zonas dispersas es limitante para alcanzar este volumen de intervenciones en un solo periodo.","RENIPRESS (Registro Nacional de IPRESS): Cantidad de establecimientos del primer nivel (aprox. 8,700). Consulta Amigable MEF: Nivel de ejecución histórica de proyectos de inversión en el primer nivel de atención."
Partido de los Trabajadores y Emprendedores,Napoleón Becerra,Programa nacional de nutrición escolar.,Factible,La creación y gestión de programas sociales es competencia exclusiva del Ejecutivo (MIDIS). Existen antecedentes operativos (Qali Warma). La implementación es viable administrativa y presupuestalmente mediante Decreto Supremo y asignación en la Ley de Presupuesto.,"Ley N° 29792 (Ley de Creación, Organización y Funciones del Ministerio de Desarrollo e Inclusión Social), que faculta al MIDIS a formular, planificar, dirigir, ejecutar, supervisar y evaluar las políticas nacionales y sectoriales en materia de desarrollo e inclusión social."
Partido de los Trabajadores y Emprendedores,Napoleón Becerra,Reformar universidades e institutos públicos. [Meta]: Subir 20 posiciones en Latinoamérica [Ranking de calidad educativa],No está en sus manos,"La modificación del régimen universitario requiere cambios en la Ley N° 30220, competencia del Congreso. Asimismo, el posicionamiento en rankings internacionales depende de indicadores de producción científica acumulada que maduran en el largo plazo y de la autonomía de cada universidad, no exclusivamente de decretos ejecutivos.","Constitución Política del Perú (Artículo 102) sobre las atribuciones del Congreso, y la Ley N° 30220 (Ley Universitaria) que establece el marco jurídico actual que el Ejecutivo debe respetar."
Partido de los Trabajadores y Emprendedores,Napoleón Becerra,Implementar red nacional de atención médica preventiva. [Meta]: Cobertura de atención primaria: 100% en zonas rurales.,Inviable,La cobertura del 100% implica dotar de personal e infraestructura a la totalidad de zonas rurales. El diagnóstico del MINSA indica un 97% de infraestructura inadecuada y un déficit crítico de médicos en zonas alejadas. Cubrir la brecha total en cinco años enfrenta restricciones de oferta de recursos humanos y tiempos de inversión pública.,"Ministerio de Salud (MINSA) - Diagnóstico de Brechas de Infraestructura y Equipamiento, que cifra la brecha en miles de millones de soles, y el Registro Nacional del Personal de la Salud (INFORHUS), que evidencia la escasez crítica de profesionales para zonas rurales."
Partido del Buen Gobierno,Jorge Nieto Montesinos,Historia Clínica Electrónica Única interoperable. [...] Implementación del tarifario único nacional para Intercambio Prestacional.,Factible,La propuesta es viable bajo la Ley N° 30024 y decretos legislativos de intercambio prestacional. La tecnología y estándares existen. Su ejecución depende de la gestión del MINSA para la implementación del software y la aprobación del tarifario único con el MEF.,"Decreto Legislativo N° 1302 (Optimiza el intercambio prestacional en salud) y Ley N° 30024, que otorgan el marco jurídico habilitante inmediato."
Partido del Buen Gobierno,Jorge Nieto Montesinos,Reducción de la anemia infantil a <10%.,Engañosa,"Reducir la anemia del 43% a menos del 10% requiere una disminución de 33 puntos porcentuales (6.6 puntos por año). Este ritmo de reducción no se ha registrado previamente en el país. La meta depende del cierre de brechas de agua y saneamiento, cuyos plazos de ejecución suelen exceder un periodo de gobierno.","INEI - Encuesta Demográfica y de Salud Familiar (ENDES 2023), que muestra el estancamiento del indicador en la última década (43.6% en 2016 vs 43.1% en 2023), evidenciando la imposibilidad técnica de un descenso tan abrupto."
Partido del Buen Gobierno,Jorge Nieto Montesinos,Cobertura territorial del 100% con EESS de primer nivel funcionando >12h con médico,Inviable,"La norma técnica N° 021-MINSA establece que los puestos de salud I-1 no llevan médico. Dotar de médico al 100% implica recategorizar miles de postas y contratar personal que hoy es escaso en el mercado (déficit de médicos). Además, ampliar horarios a 12 horas en todo el territorio conlleva un incremento de la planilla que debe ajustarse a las reglas fiscales.",Norma Técnica de Salud N° 021-MINSA/DGSP-V.03: Categorías de Establecimientos del Sector Salud (Define que I-1 no lleva médico). Informe de Brechas de Recursos Humanos en Salud (MINSA 2024): Déficit de médicos a nivel nacional. Diagnóstico de Brechas de Infraestructura (MINSA 2024): 97.13% de inadecuación en el primer nivel.
Partido Político Democrático Federal,Armando Massé,Contar con atención del parto institucional en el 100% en establecimientos de salud.,Factible,"La meta plantea el cierre de la brecha restante del 5.4% (Línea base ENDES 2023: 94.6%). La medida es ejecutable mediante gestión sanitaria en el primer nivel de atención, enfocándose en zonas rurales dispersas. Se alinea con el Programa Presupuestal 0002 y la normativa de adecuación cultural (parto vertical). Su cumplimiento depende de la asignación de recursos para brigadas móviles y Casas de Espera Materna, competencia del MINSA y gobiernos regionales.",INEI - Encuesta Demográfica y de Salud Familiar (ENDES) 2023: Indicador de parto institucional (94.6%). Programa Presupuestal 0002: Salud Materno Neonatal (Ministerio de Economía y Finanzas).
Partido Político Democrático Federal,Armando Massé,Reducir la criminalidad en 60% y la percepción de corrupción en 70% para 2031,Engañosa,"La propuesta establece metas cuantitativas específicas (60% y 70%) para reducir la inseguridad y la percepción de corrupción. No se detalla el modelo econométrico que sustente dicha proyección de reducción en cinco años. La medición de la ""percepción"" depende de variables externas subjetivas. Estadísticamente, reducciones de esta magnitud en un quinquenio no registran precedentes bajo condiciones ordinarias, dado que las políticas de seguridad suelen tener periodos de maduración prolongados.",INEI - Estadísticas de Seguridad Ciudadana: Series históricas de victimización y percepción de inseguridad (que muestran la rigidez de estos indicadores). Plan Nacional de Seguridad Ciudadana 2019-2023: Metas realistas vs. metas políticas.
Partido Político Democrático Federal,Armando Massé,Tener doce universidades públicas de excelencia (una por región federal).,Inviable,"La creación de universidades públicas está regulada por la Ley N° 30220, que exige condiciones básicas de calidad y garantía de sostenibilidad financiera. El MEF establece restricciones fiscales para nuevas unidades ejecutoras. La propuesta debe alinearse con los estudios de demanda educativa y disponibilidad presupuestal multianual exigidos por el Sistema Nacional de Inversión Pública (Invierte.pe) y el licenciamiento de SUNEDU.","Ley N° 30220, Ley Universitaria: Requisitos de creación y licenciamiento (SUNEDU). Decreto Legislativo N° 1252: Sistema Nacional de Programación Multianual y Gestión de Inversiones (Invierte.pe)."
Partido Demócrata Unido Perú,Charlie Carrasco,"Se añadirá a la currícula educativa los cursos de historia del Perú, historia universal, filosofía, psicología, economía política, educación financiera, educación cívica...",Factible,"El MINEDU tiene la potestad de modificar el Currículo Nacional. La reintroducción de asignaturas específicas es una decisión de política pedagógica respaldada por leyes recientes (como la Ley N° 31745) y no requiere inversiones en infraestructura, haciéndola viable administrativamente.",Ley N.º 28044 (Ley General de Educación): Artículo 33 (Currículo Nacional). Ley N.º 31745: Ley que declara de interés nacional la introducción de contenidos de historia y educación cívica.
Partido Demócrata Unido Perú,Charlie Carrasco,El ingreso a las universidades públicas será libres y gratuitas.,Engañosa,"La gratuidad ya está garantizada por ley. El ingreso libre (sin examen) está limitado por la capacidad física (aulas, laboratorios) y docente de las universidades. Implementarlo sin una expansión previa de infraestructura —que toma años— afectaría las Condiciones Básicas de Calidad exigidas por la SUNEDU y la Ley Universitaria.",Ley Universitaria N.º 30220: Condiciones Básicas de Calidad. SUNEDU: Informes sobre la capacidad de oferta (vacantes) vs. demanda de postulantes en el sistema universitario público.
Partido Demócrata Unido Perú,Charlie Carrasco,"Se descentralizará la salud, cada provincia tendrá un hospital de nivel 1, 2 y 3",Inviable,"Según la normativa de salud, el Nivel 1 corresponde a postas, no hospitales. Los hospitales Nivel 3 (Alta Complejidad) requieren una gran población asignada para ser sostenibles. Construir un hospital de alta complejidad en cada una de las 196 provincias no se ajusta a los criterios de demanda de la red de salud ni a la disponibilidad de médicos subespecialistas.",Norma Técnica de Salud N° 042-MINSA/DGSP-V.01: Categorías de Establecimientos del Sector Salud. Decreto Legislativo N.º 1157: Modernización de la Gestión de la Inversión Pública en Salud (Criterios de red y demanda).
Partido Demócrata Verde,Alex Gonzales,Meta 2030: 500 CSMC [Centros de Salud Mental Comunitaria] (al menos uno por provincia).,Factible,"La meta implica implementar aprox. 230 nuevos centros. El modelo comunitario se basa en adecuación de locales y contratación de personal (gasto corriente), evitando la construcción de grandes hospitales. Es viable presupuestalmente y se alinea con la Ley de Salud Mental vigente.","Ley N° 30947 (Ley de Salud Mental) que prioriza el modelo comunitario, y el Presupuesto Institucional de Apertura (PIA) del MINSA que ya contempla el Programa Presupuestal 0131 (Control y Prevención en Salud Mental)."
Partido Demócrata Verde,Alex Gonzales,Reducción de anemia infantil (6-36 meses)... Meta 2030: 25%.,Engañosa,"La meta plantea reducir la anemia en 18 puntos porcentuales. Aunque es menos agresiva que otras propuestas, sigue implicando un ritmo de reducción de casi 4 puntos anuales, superior al promedio histórico. Su cumplimiento depende de la articulación con proyectos de saneamiento.","INEI - Encuesta Demográfica y de Salud Familiar (ENDES 2023), que muestra el estancamiento de la anemia en 43.1% y la resistencia del indicador a las intervenciones tradicionales de corto plazo."
Partido Demócrata Verde,Alex Gonzales,Meta 2030: 40% de escuelas públicas renovadas o construidas bajo estándares modernos.,Inviable,"Intervenir el 40% de escuelas implica obras en 22,000 locales (4,000 anuales). La capacidad de ejecución histórica es menor. El costo estimado para cerrar esta brecha supera el presupuesto de inversión regular del sector educación. La meta física excede los plazos del ciclo de inversiones Invierte.pe.","Plan Nacional de Infraestructura Sostenible para la Competitividad (PNISC) 2022-2025 y el Censo Educativo (MINEDU), que evidencian la magnitud de la brecha y la limitada capacidad de ejecución anual del PRONIED (históricamente subejecutando o ejecutando montos marginales frente a la brecha)."
Partido Morado,Mesías Guevara,"Sistema Nacional de Salud Digital con Historia Clínica Única... DNI como identificador único de historia clínica interoperable entre TODAS las redes públicas (MINSA, EsSalud, sanidades) y privadas... Meta: 100% de establecimientos públicos con HC electrónica interoperable (2029).",Factible,La propuesta es viable bajo el marco de la Ley N° 30024. El plan detalla aspectos técnicos (estándar HL7 FHIR) y presupuestales. La implementación depende de la inversión en TIC y gestión del MINSA. La meta al 2029 es exigente pero posible de gestionar administrativamente si se priorizan los recursos.,"Ley N° 30024 (Ley que crea el Registro Nacional de Historias Clínicas Electrónicas) y su Reglamento, que otorgan el mandato legal y las herramientas técnicas para implementar la interoperabilidad."
Partido Morado,Mesías Guevara,"Erradicar la desnutrición y la anemia infantil, asegurando que ningún niño vea limitado su desarrollo por falta de nutrientes esenciales.",Engañosa,"""Erradicar"" (0%) la anemia y desnutrición en cinco años es técnicamente complejo debido a la prevalencia actual (43% en anemia) y sus causas estructurales (agua/saneamiento). La evidencia muestra que las reducciones son graduales. Plantear la eliminación total en un quinquenio no se ajusta a las proyecciones epidemiológicas estándar.","INEI - Encuesta Demográfica y de Salud Familiar (ENDES 2023), que demuestra la persistencia y estancamiento de la anemia por encima del 40% en la última década, evidenciando la imposibilidad estadística de llevarla a cero en el corto plazo."
Partido Morado,Mesías Guevara,"Derogaremos las leyes de contrarreforma y restauraremos las funciones originales de SUNEDU según Ley 30220: Restitución del licenciamiento obligatorio y renovable... Reconstitución del Consejo Directivo mediante concurso público abierto, eliminando representantes de universidades...",No está en sus manos,"La derogación de leyes vigentes es competencia del Congreso de la República. El Ejecutivo tiene iniciativa legislativa, pero no puede derogar normas ni modificar la composición de organismos autónomos unilateralmente sin aprobación parlamentaria, respetando la separación de poderes.","Constitución Política del Perú (Artículo 102, inciso 1), que establece como atribución del Congreso dar leyes y resoluciones legislativas, así como interpretar, modificar o derogar las existentes."
Partido País para Todos,Carlos Álvarez,Lograr que ≥80% de establecimientos del primer nivel alcancen abastecimiento ≥85% de medicamentos esenciales [al 2031].,Factible,"La propuesta establece metas de gestión logística dentro de las competencias del MINSA y CENARES. Alcanzar un 85% de abastecimiento es un estándar operativo posible de lograr mediante mejoras en la cadena de suministro, compras corporativas y distribución, sin necesidad de cambios legislativos.","Decreto Legislativo N° 1444 (Ley de Contrataciones del Estado) y el Reglamento de Organización y Funciones del MINSA, que facultan al sector salud para gestionar la compra y distribución de recursos estratégicos."
Partido País para Todos,Carlos Álvarez,"Salud universal de verdad... donde el ciudadano reciba atención oportuna sin importar si está en MINSA, EsSalud o un gobierno regional.",Inviable,"La Constitución (Art. 12) establece la intangibilidad de los fondos de la seguridad social (privados). La atención universal irrestricta requiere un mecanismo de intercambio prestacional con reembolso automático y total. Sin un financiamiento adicional del MEF para cubrir la diferencia de costos entre SIS y EsSalud, la propuesta enfrenta barreras constitucionales y financieras.",Constitución Política del Perú: Artículo 12 (Intangibilidad de los fondos de la seguridad social). Decreto Legislativo N.º 1466: Marco actual del intercambio prestacional (que demuestra la complejidad de los pagos cruzados que el plan subestima).
Partido País para Todos,Carlos Álvarez,Garantizar que ningún niño vuelva a crecer con anemia o desnutrición...,Engañosa,"La promesa de ""ningún niño"" (0 casos) implica resolver la totalidad de determinantes sociales como el acceso a agua y la pobreza. Actualmente la anemia afecta al 43% de menores de 3 años. Las metas técnicas internacionales plantean reducciones progresivas, ya que la erradicación total en el corto plazo enfrenta limitaciones estructurales.","INEI - ENDES 2024: Estadísticas de prevalencia de Anemia (estancamiento en 43.1%). OMS: Metas Globales de Nutrición 2025 (plantean reducciones relativas, no absolutas a cero en corto plazo)."
Partido Patriótico del Perú,Herbert Caller,...establece como estrategia la 'Formación Integral en Ciudadanía Digital desde el Colegio' (...) Eje N° 1. Alfabetización Digital Crítica y Funcional (...) Eje N° 2. Seguridad Digital y Autocuidado...,Factible,"La propuesta es viable y se alinea con la Competencia 28 del Currículo Nacional y la Política de Transformación Digital. Su implementación depende de la capacitación docente y actualización de contenidos, acciones realizables dentro de la gestión del MINEDU.",Decreto Supremo N° 085-2023-PCM: Política Nacional de Transformación Digital al 2030. Currículo Nacional de la Educación Básica (CNEB): Competencia 28.
Partido Patriótico del Perú,Herbert Caller,"En el caso de la implementación del idioma quechua, inglés y un segundo idioma extranjero en los colegios donde se brinda educación básica regular, debe cubrir al final del periodo presidencial, el año 2031, al 100% de las instituciones educativas.",Engañosa,"La cobertura al 100% enfrenta el déficit de docentes de idiomas, especialmente en zonas rurales. Además, la imposición del quechua en todo el territorio debe considerar la realidad sociolingüística (zonas aymaras o amazónicas) y la política de Educación Intercultural Bilingüe. La contratación masiva de docentes trilingües es una restricción operativa significativa.",Política Nacional de Educación Intercultural Bilingüe (EIB): Respeto a la lengua materna predominante en la zona. Ministerio de Educación (Escale): Estadística de déficit de docentes de especialidad (idiomas) en zonas rurales.
Partido Patriótico del Perú,Herbert Caller,Pago único al final de la obra en contrataciones...,Inviable,"La Ley de Contrataciones establece pagos periódicos (valorizaciones) para asegurar la liquidez del contratista durante la obra. Eliminar los pagos parciales restringiría la participación de empresas que no pueden financiar el 100% de la obra con capital propio, lo que podría reducir la oferta de postores y afectar la ejecución de proyectos.","Plan Nacional de Infraestructura Sostenible para la Competitividad (PNISC) 2022-2025 y el Registro Nacional del Personal de la Salud (INFORHUS), que evidencian la brecha crítica de recursos humanos y los tiempos reales de ejecución hospitalaria."
Perú Acción,Francisco Diez Canseco,Eliminación de las labores administrativas y de papeleo de profesores quienes únicamente se dedicarán a la enseñanza integral de los alumnos.,Factible,El MINEDU tiene competencia para normar la gestión escolar y simplificar procesos burocráticos. La digitalización y contratación de apoyo administrativo son medidas de gestión viables que permiten focalizar la labor docente en la enseñanza.,"Ley N° 28044 (Ley General de Educación) y el Reglamento de la Ley de Reforma Magisterial, que facultan al MINEDU a normar la jornada laboral y las funciones del personal docente."
Perú Acción,Francisco Diez Canseco,Implementación de inicialmente 5000 postas y policlínicos de atención en nivel primario con salas de quirófano para operaciones menores y salas de emergencia.,Engañosa,"Implementar quirófanos en 5,000 postas implica recategorizarlas y dotarlas de cirujanos y anestesiólogos. El Registro Nacional del Personal de la Salud reporta un déficit de especialistas. Sin el recurso humano asegurado, la infraestructura quirúrgica no puede operar según las normas de habilitación.","Registro Nacional del Personal de la Salud (INFORHUS) - MINSA, que certifica la escasez crítica de médicos especialistas (cirujanos, anestesiólogos) necesaria para operar tal cantidad de quirófanos."
Perú Acción,Francisco Diez Canseco,Construcción implementación de 10 hospitales de alta complejidad tipo 1 por año en el Perú mediante el sistema de asociación pública privada APP y/o obras por impuestos...,Inviable,Construir 50 hospitales de alta complejidad en cinco años supera los tiempos de maduración de proyectos en Invierte.pe (8-10 años promedio) y la capacidad de adjudicación de ProInversión. La inversión requerida y la magnitud de obras simultáneas exceden los techos presupuestales y logísticos del sector salud.,"Cartera de Proyectos de ProInversión (Sector Salud) y los plazos normativos del Decreto Legislativo N° 1362 (Ley de APPs), que evidencian que los tiempos de estructuración y ejecución no permiten tal volumen de obras de alta complejidad en 5 años."
Perú Libre,Vladimir Cerrón,"Implementar el programa Médicos de la Familia a nivel nacional, priorizando zonas rurales, periurbanas y amazónicas al 2031",Factible,La propuesta es viable administrativamente. El Modelo de Atención Integral (MAIS) contempla equipos de salud familiar. El MINSA puede reorientar recursos y contratar personal para fortalecer el primer nivel de atención bajo esta estrategia.,"Decreto Legislativo N° 1161 (Ley de Organización y Funciones del Ministerio de Salud), que establece la rectoría del MINSA para formular, planificar, dirigir, ejecutar, supervisar y evaluar la política nacional de salud."
Perú Libre,Vladimir Cerrón,Analfabetismo reducido a 0% al 2031.,Engañosa,"La tasa actual es de 5.5%. La reducción del ""núcleo duro"" del analfabetismo (población mayor, dispersa) es un proceso lento. Una tasa de 0.0% absoluta es estadísticamente improbable en el corto plazo según las tendencias demográficas registradas por la ENAHO.","INEI - Encuesta Nacional de Hogares (ENAHO), que reporta la evolución histórica de la tasa de analfabetismo y su resistencia a la baja en poblaciones vulnerables (núcleo duro)."
Perú Libre,Vladimir Cerrón,"Construcción y puesta en funcionamiento de 100 Hospitales Docentes Especializados y 1,000 centros de salud públicos a nivel nacional [...] al 2031.",Inviable,La construcción de 100 hospitales especializados implica un volumen de inversión y ejecución que supera los plazos de Invierte.pe y la capacidad histórica del PRONIS. La inversión estimada para esta infraestructura sobrepasa el presupuesto multianual del sector.,"Plan Nacional de Infraestructura Sostenible para la Competitividad (PNISC) 2022-2025 y normas de Invierte.pe, que establecen los plazos rígidos de maduración de proyectos de inversión pública de alta complejidad."
Perú Moderno,Carlos Jaico,"Crear un Índice de Desempeño hospitalario, donde se evaluará su eficiencia, eficacia y el nivel de productividad... Se publicará un ranking nacional todos los resultados por periodos trimestrales con el fin de garantizar la absoluta transparencia.",Factible,La propuesta es viable. MINSA y SUSALUD tienen facultades para supervisar y evaluar IPRESS. La publicación de rankings es una medida de transparencia y gestión que no requiere inversión mayor ni cambios legales.,"Decreto Legislativo N° 1158 (Dispone medidas destinadas al fortalecimiento y cambio de denominación de la Superintendencia Nacional de Aseguramiento en Salud) y el Reglamento de Organización y Funciones del MINSA, que facultan la supervisión del desempeño prestacional."
Perú Moderno,Carlos Jaico,Disminuir la anemia infantil al 15% y la desnutrición crónica al 8%.,Engañosa,La meta de anemia (reducir a 15% desde 43%) implica una disminución acelerada que no se ha observado en la última década. Requiere una efectividad muy alta de las intervenciones y avances simultáneos en saneamiento básico.,"INEI - Encuesta Demográfica y de Salud Familiar (ENDES 2023), que demuestra el estancamiento de la anemia por encima del 40% en los últimos cinco años, haciendo estadísticamente improbable alcanzar el 15% en 2031"
Perú Moderno,Carlos Jaico,"Modernizar la salud, construir más hospitales en todas las regiones, provincias y distritos del país, así como centros de salud... en todos los distritos, anexos y centros poblados.",Inviable,"Existen más de 94,000 centros poblados. La Norma Técnica de Salud N° 021 regula la construcción de establecimientos según demanda poblacional. Construir infraestructura en ""todos"" los centros poblados es inviable por costos y por no cumplir con los criterios técnicos de asignación de recursos.","Norma Técnica de Salud N° 021-MINSA/DGSP-V.03 (Categorías de Establecimientos del Sector Salud) que regula dónde se puede construir según demanda, y el Directorio Nacional de Centros Poblados (INEI) que evidencia la magnitud inabarcable de la promesa."
Perú Primero,Mario Vizcarra,100% de docentes evaluados en base a su desempeño en el marco de la Ley de Reforma Magisterial.,Factible,La Ley de Reforma Magisterial establece la evaluación de desempeño obligatoria. El MINEDU tiene la competencia y los instrumentos técnicos para ejecutarla. Es una medida de gestión política y presupuestal viable.,"Ley N° 29944 (Ley de Reforma Magisterial), artículos 23 y siguientes, que norman la evaluación del desempeño docente como condición para la permanencia y ascenso en la carrera pública."
Perú Primero,Mario Vizcarra,Reducción a menos del 20% de anemia infantil en niños de 6 a 35 meses.,Engañosa,"Reducir la anemia a menos del 20% implica bajar más de 23 puntos porcentuales. La tendencia histórica muestra reducciones anuales menores. La meta es ambiciosa frente a la complejidad estructural del problema (agua, pobreza).","INEI - Encuesta Demográfica y de Salud Familiar (ENDES 2023), que muestra el estancamiento del indicador por encima del 40% en los últimos cinco años, validando que una reducción a la mitad en un solo periodo no tiene precedente histórico."
Perú Primero,Mario Vizcarra,99% de establecimientos de salud del primer nivel de atención con capacidad instalada adecuada.,Inviable,"El 97% de establecimientos tiene capacidad inadecuada. Revertir esto al 99% implica intervenir más de 8,000 centros en cinco años. Los tiempos de inversión y la capacidad logística del Estado limitan la posibilidad de cerrar la casi totalidad de la brecha de infraestructura en un solo periodo.","Plan Nacional de Infraestructura Sostenible para la Competitividad (PNISC) 2022-2025 y el Diagnóstico de Brechas de Infraestructura o Acceso a Servicios del Sector Salud (MINSA), que cifran la brecha en miles de millones de soles y evidencian la imposibilidad logística de cerrarla en corto plazo."
Podemos Perú,José Luna Gálvez,Plan nacional de recuperación de aprendizajes con acompañamiento docente focalizado.,Factible,La propuesta es viable. El MINEDU tiene rectoría para implementar planes pedagógicos y acompañamiento docente. Existen programas presupuestales activos que pueden financiar esta estrategia.,"Ley N° 28044 (Ley General de Educación) y la Ley de Presupuesto del Sector Público, que facultan al MINEDU a implementar programas pedagógicos y asignar recursos para el fortalecimiento de capacidades docentes."
Podemos Perú,José Luna Gálvez,Reducción de la (1) Prevalencia de anemia [...] Meta 2031: (1) 0%.,Engañosa,"La meta de 0% es estadísticamente improbable dada la prevalencia actual (43%). La OMS considera aceptables tasas reducidas, pero la eliminación total en cinco años no se condice con la evidencia sobre la persistencia de casos residuales y factores estructurales.","INEI - Encuesta Demográfica y de Salud Familiar (ENDES 2023), que demuestra la persistencia de la anemia por encima del 40% en la última década, y los estándares de la OMS, que consideran ""problema de salud pública"" tasas superiores al 5%, reconociendo la dificultad de llegar a 0 absoluto."
Podemos Perú,José Luna Gálvez,Incremento del porcentaje de establecimientos del primer nivel con capacidad resolutiva [...] Meta 2026-2031: 100% al 2031.,Inviable,Cerrar la brecha de capacidad inadecuada (actualmente 97%) en el 100% de establecimientos requiere un volumen de obras que supera la capacidad de ejecución histórica del sistema de inversiones en un quinquenio.,"Plan Nacional de Infraestructura Sostenible para la Competitividad (PNISC) 2022-2025 y el Diagnóstico de Brechas de Infraestructura del Sector Salud (MINSA), que cuantifican la brecha en miles de millones de soles y evidencian la imposibilidad material de cerrarla al 100% en corto plazo."
Primero la Gente,Marisol Pérez Tello,"Plataforma Nacional de Historia Clínica electrónica única y obligatoria. Implementación de un sistema digital interoperable que integre, en un solo registro longitudinal, la información clínica de todas las personas usuarias... independientemente del subsistema... Meta al 2031: 70% de atenciones con continuidad registrada.",Factible,"La propuesta es viable bajo la normativa de Gobierno Digital y Salud. La meta del 70% es ejecutable progresivamente mediante inversión en conectividad y estandarización de sistemas, competencia del Ejecutivo.","Ley N° 30024 y su Reglamento, que establecen la obligatoriedad de la historia clínica electrónica, y el Plan de Gobierno Digital del Estado Peruano, que valida la viabilidad técnica del proyecto."
Primero la Gente,Marisol Pérez Tello,Incrementar en al menos 15 puntos porcentuales el porcentaje de estudiantes de 4.º de primaria de escuelas públicas en nivel satisfactorio en lectura a nivel nacional... al año 2031.,Engañosa,Un incremento de 15 puntos porcentuales en cinco años supera el promedio de mejora registrado históricamente en la ECE (1-2 puntos anuales). La meta proyecta un crecimiento acelerado frente a la inercia del sistema educativo.,"Resultados Históricos de la Evaluación Censal de Estudiantes (ECE) - UMC/MINEDU, que demuestran que los crecimientos interanuales superiores al 2% son atípicos y no sostenibles a largo plazo sin reformas estructurales previas de larga maduración."
Primero la Gente,Marisol Pérez Tello,"Elevar al menos al 90 % la proporción de locales educativos rurales y amazónicos con servicios básicos completos (agua segura, saneamiento, electricidad) al 2031... (Línea de base referencial: 33%).",Inviable,La brecha de servicios básicos en zonas rurales es amplia (línea base 33%). Cerrar la brecha al 90% implica ejecutar miles de proyectos de saneamiento y electrificación. Los tiempos de inversión en zonas dispersas dificultan alcanzar tal cobertura en cinco años.,"Plan Nacional de Infraestructura Sostenible para la Competitividad (PNISC) 2022-2025 y el Censo Educativo (MINEDU), que evidencian la magnitud de la brecha de servicios básicos (más de S/ 60 mil millones solo en saneamiento rural) y la imposibilidad técnica de cerrarla tan abruptamente."
Prin,Walter Chirinos,Implementaremos la tele-medicina en regiones con difícil acceso geográfico.,Factible,"La propuesta es viable según la Ley Marco de Telesalud. Depende de la inversión en equipos y conectividad (IOARR), gestión que corresponde al MINSA y gobiernos regionales.","Ley N° 30421 y el Decreto Legislativo N° 1490 (Fortalece la Telesalud), que otorgan el marco jurídico y operativo inmediato para su ejecución."
Prin,Walter Chirinos,Reduciremos de manera sustancial la desnutrición crónica de niñas y niños entre 1 año a 12 años de todas las Regiones...,Engañosa,La medición estándar de Desnutrición Crónica Infantil (OMS/INEI) se aplica a menores de 5 años. Plantear metas para el grupo de hasta 12 años no se ajusta a los indicadores técnicos internacionales ni a la ventana de oportunidad biológica para revertir la condición.,"Patrones de Crecimiento Infantil de la OMS y la metodología de la Encuesta Demográfica y de Salud Familiar (ENDES - INEI), que estandarizan la medición de DCI exclusivamente en menores de 5 años."
Prin,Walter Chirinos,Incrementaremos progresivamente el presupuesto en salud hasta alcanzar al menos el 6% del PBI..,Inviable,"El presupuesto actual es aprox. 3.5% del PBI. Llegar al 6% requiere duplicar la asignación en términos nominales. Sin una reforma tributaria que incremente la recaudación significativamente, esta meta enfrenta las restricciones fiscales del Marco Macroeconómico Multianual.","Marco Macroeconómico Multianual 2025-2028 (MEF), que establece los techos fiscales y la rigidez del gasto público."
Progresemos,Paul Jaimes,"Implementación obligatoria de la Historia Clínica Electrónica (HCE) interoperable entre el MINSA, EsSalud, Sanidad de las fuerzas armadas y policiales y el sector privado.",Factible,Viable bajo la Ley N° 30024 y D.L. N° 1412. La obligatoriedad y los estándares ya están normados. Su implementación es una labor de gestión administrativa y tecnológica en curso.,"Ley N° 30024 y su Reglamento, que otorgan el mandato legal y las herramientas técnicas para la implementación de la interoperabilidad en salud."
Progresemos,Paul Jaimes,Asegurar que ninguna familia peruana padezca hambre.,Engañosa,"La inseguridad alimentaria afecta a un porcentaje significativo de la población (FAO). La erradicación total (""ninguna familia"") depende de variables macroeconómicas y climáticas complejas, siendo una meta absoluta difícil de verificar y cumplir en el corto plazo.","Informe ""El estado de la seguridad alimentaria y la nutrición en el mundo"" (FAO 2023), que documenta la magnitud de la inseguridad alimentaria en Perú (16.6 millones de personas), haciendo inverosímil su erradicación total a corto plazo."
Progresemos,Paul Jaimes,"Optimizar la distribución de recursos para que, hacia el año 2029, ninguna posta médica o centro de salud carezca de suministros básicos.",Inviable,"Garantizar 0% de desabastecimiento en tres años enfrenta desafíos logísticos en la ""última milla"" y limitaciones de infraestructura de almacenamiento en zonas remotas, procesos que toman tiempo en regularizarse completamente.","Diagnóstico de Brechas de Infraestructura y Equipamiento del Sector Salud (MINSA), que evidencia la precariedad de la red de almacenes, y reportes de CENARES sobre la complejidad de la distribución nacional."
Renovación Popular,Rafael López Aliaga,Incorporar el deporte recreativo y formativo en la currícula escolar en todos sus niveles.,Factible,El MINEDU tiene competencia para modificar el currículo y ampliar horas de educación física. Es una medida administrativa y pedagógica viable.,"Ley N° 28044 (Ley General de Educación) y el Artículo 30 de la Ley del Deporte (N° 28036), que ya declaran la educación física como obligatoria, facilitando legalmente su ampliación o refuerzo curricular."
Renovación Popular,Rafael López Aliaga,Erradicaremos la anemia y la desnutrición infantil.,Engañosa,"El término ""erradicar"" implica llegar a cero casos. Dada la línea base (43% anemia), la meta es técnicamente improbable en cinco años. Los organismos internacionales plantean metas de reducción, reconociendo la dificultad de la eliminación total a corto plazo.","INEI - Encuesta Demográfica y de Salud Familiar (ENDES 2023), que demuestra la persistencia de estos indicadores por encima del 40% en la última década, y los estándares de la OMS que definen metas de reducción progresiva, no erradicación súbita."
Renovación Popular,Rafael López Aliaga,"Acabaremos con la cadena de cobros excesivos por medicamentos. Será obligatorio que las farmacias tengan medicamentos básicos y genéricos que cubran la demanda del Minsa, Es Salud y FFAA y PNP.",Inviable,"La medida implica regular stocks de privados, lo cual podría entrar en conflicto con los artículos 58 y 62 de la Constitución sobre libertad de empresa. Logísticamente, traslada la responsabilidad de abastecimiento estatal al sector privado, el cual no necesariamente tiene capacidad para cubrir la demanda del sector público.","Constitución Política del Perú (Artículos 58, 59 y 62) que garantizan la libertad de empresa y prohíben el intervencionismo de precios, y la Ley N° 29459 (Ley de Productos Farmacéuticos) que regula el mercado sin facultar al Estado a imponer stocks para cobertura pública."
Salvemos al Perú,Antonio Ortiz,Impulsar los Lineamientos de 'Desarrollo Infantil Temprano' (DIT) aprobado por el Foro del Acuerdo Nacional para propiciar una mejor articulación intersectorial...,Factible,La propuesta es viable y se basa en políticas de Estado existentes (Primero la Infancia). La articulación intersectorial es función del Ejecutivo (MIDIS/PCM).,"Decreto Supremo N° 010-2016-MIDIS y Decreto Supremo N° 003-2019-MIDIS, que aprueban la Estrategia de Gestión Territorial ""Primero la Infancia"" y facultan al Ejecutivo para su implementación"
Salvemos al Perú,Antonio Ortiz,Menos del 5% de mujeres gestantes y niños menores de 3 años con anemia o deficiencia de micronutrientes [...] Reducir la desnutrición crónica infantil nacional... a menos del 6% al año 2031.,Engañosa,"Reducir la anemia a menos del 5% implica una disminución drástica frente al 43% actual. La meta supera las tendencias históricas de reducción y contradice la propia proyección del plan en otras secciones, según se señala en el análisis.","INEI - Encuesta Demográfica y de Salud Familiar (ENDES 2023), que demuestra la persistencia de la anemia sobre el 40%, y los estándares de la OMS sobre prevalencia de anemia."
Salvemos al Perú,Antonio Ortiz,40% de IIEE [Instituciones Educativas] acreditados por Sineace al 2031.,Inviable,"Acreditar 22,000 colegios (40%) requiere una capacidad operativa de evaluación masiva que el SINEACE no ha registrado históricamente. El proceso es lento y depende del cierre previo de brechas de infraestructura.","Ley N° 28740 (Ley del SINEACE) y estadísticas del Registro de Instituciones Educativas Acreditadas, que evidencian que el ritmo histórico es de apenas unas decenas por año, no miles."
Si Creo,Carlos Espá,"Facilitar que profesionales de conducta intachable y debidamente graduados de universidades en carreras afines a la Ciencia, Tecnología, Ingeniería y Matemáticas (STEM) (...) puedan enseñar en las escuelas públicas rindiendo las pruebas que en la actualidad rinden los maestros.",Factible,"La medida es viable mediante modificaciones a la normativa de contratación docente (Ley de Reforma Magisterial) para permitir el ingreso de profesionales no docentes en áreas deficitarias, competencia del sector educación.","Ley N° 29944, Ley de Reforma Magisterial: Artículos sobre requisitos de ingreso a la Carrera Pública. Ministerio de Educación (Norma Técnica de Contratación Docente): Procedimientos vigentes para adjudicación de plazas."
Si Creo,Carlos Espá,Eliminar en más del 90% la anemia infantil en 5 años de gobierno.,Engañosa,Reducir la anemia en 90% (llevándola a un dígito) en cinco años no tiene precedentes en la estadística nacional. Requiere resolver brechas de saneamiento de gran magnitud en el mismo periodo.,INEI - Encuesta Demográfica y de Salud Familiar (ENDES 2023-2024): Estadísticas históricas de estancamiento de la anemia. Ministerio de Vivienda (Plan Nacional de Saneamiento 2022-2026): Brecha de inversión en agua y desagüe.
Si Creo,Carlos Espá,Programa de Bono Educativo para devolver el dinero a las familias y que sean ellas quienes elijan dónde 'canjear' el bono. (...) El monto de los Bonos Educativos se entregará en forma de becas parciales.,Inviable,"La propuesta enfrenta la rigidez del gasto corriente (planilla docente estatal) y la falta de oferta privada en zonas rurales. Además, el financiamiento estatal de educación privada universal requeriría análisis constitucional frente al mandato de gratuidad de la enseñanza pública.",Constitución Política del Perú: Artículo 17 (Gratuidad de la enseñanza pública). Ministerio de Economía y Finanzas (MEF): Consulta Amigable de Gasto (Rigidez presupuestal en la Partida 2.1 Personal y Obligaciones Sociales).
Somos Perú,George Forsyth,"Distribuir 400,000 laptops (primaria) y 400,000 laptops (secundaria) en 5 años a estudiantes y docentes de primaria y secundaria de escuelas públicas...",Factible,La adquisición y distribución de bienes es viable administrativamente y cuenta con precedentes. El presupuesto del sector educación permite financiar este tipo de equipamiento.,"Ley de Contrataciones del Estado (Ley N.º 30225) y catálogos electrónicos de Perú Compras. Ley de Presupuesto del Sector Público: El sector Educación recibe históricamente la mayor asignación presupuestal (aprox. 18-20% del presupuesto total), lo que cubre el costo estimado de esta adquisición."
Somos Perú,George Forsyth,Reducir la anemia en niños menores de 3 años a <15%.,Engañosa,La meta implica una reducción significativa que contrasta con el estancamiento histórico del indicador. Su cumplimiento está condicionado al avance simultáneo en infraestructura de agua y saneamiento.,"INEI - Encuesta Demográfica y de Salud Familiar (ENDES 2024): Prevalencia de anemia estancada en 43.1%. OMS (Organización Mundial de la Salud): Metas globales de nutrición 2025 (reducción del 50% de la anemia es una meta a largo plazo, no un shock de 5 años)."
Somos Perú,George Forsyth,"Construir 50 hospitales tipo II-1 en ciudades intermedias y 300 centros de salud en distritos rurales, utilizando modalidades APP, Obras por Impuestos y Gobierno a Gobierno.",Inviable,"La construcción de 50 hospitales en cinco años supera los plazos promedio de maduración de proyectos (8-10 años). Las modalidades G2G u Obras por Impuestos agilizan la contratación, pero no eliminan los tiempos de preinversión ni resuelven el déficit de especialistas para la operación.","Decreto Legislativo N.º 1252 (Sistema Nacional de Programación Multianual y Gestión de Inversiones - Invierte.pe). Informes del PRONIS y Contraloría General de la República sobre paralización de obras hospitalarias (ej. Hospital de Antonio Lorena en Cusco o Hospital de Puno, con retrasos de más de una década)."
Un Camino Diferente,Rosario Fernández,Unificación ESSALUD y MINSA.,No está en sus manos,"La fusión enfrenta la barrera constitucional de la intangibilidad de los fondos de la seguridad social (Art. 12). Requiere reforma constitucional y legislativa por parte del Congreso, no solo decisión ejecutiva.","Constitución Política del Perú: Artículo 12 (Intangibilidad de los fondos de la Seguridad Social). Ley N.º 27056: Ley de Creación del Seguro Social de Salud (ESSALUD) y su autonomía técnica, administrativa y financiera."
Un Camino Diferente,Rosario Fernández,"Egresados de universidades nacionales con bachillerato automático..."" / ""Otorgar automáticamente el grado de bachiller al culminar los estudios universitarios.",Engañosa,"La propuesta corresponde a una Ley ya vigente (Ley N° 31803). Respecto a imponer planes de estudio, la Ley Universitaria garantiza la autonomía académica de las universidades para diseñar sus mallas curriculares.",Ley N.º 31803: Ley que modifica la Ley 30220 para promover la investigación para la obtención del grado académico de bachiller (Bachillerato Automático Permanente). Ley N.º 30220 (Ley Universitaria): Artículo 8 sobre Autonomía Universitaria.
Un Camino Diferente,Rosario Fernández,Mínimo cuatro ambulancias por posta médica,Inviable,"La asignación fija de 4 ambulancias por posta (más de 30,000 unidades en total) no se ajusta a las normas técnicas de transporte asistido, que asignan recursos según demanda y densidad. Generaría un alto costo de mantenimiento y personal ineficiente en zonas de baja demanda.","Norma Técnica de Salud N° 051-MINSA/OGDN-V.01: Transporte Asistido de Pacientes (establece ratios por densidad poblacional y demanda, no un número fijo arbitrario). RENIPRESS (Registro Nacional de Instituciones Prestadoras de Servicios de Salud): Estadística de número de postas a nivel nacional (aprox. 8,200 puestos de salud)."